app_id,app_name,app_version,app_json,type,record_id,input_id,input,output,tags,record_json,cost_json,perf_json,ts,latency,total_tokens,total_cost,eval_cost,eval_cost_snowflake,cost_currency,num_events,Relevance,Relevance_calls,Relevance feedback cost in USD,Relevance direction,Quality,Quality_calls,Quality feedback cost in USD,Quality direction,Groundedness,Groundedness_calls,Groundedness feedback cost in USD,Groundedness direction,Context Relevance,Context Relevance_calls,Context Relevance feedback cost in USD,Context Relevance direction
app_hash_758040c9434e1a6e6f6f6e5586aebea4,RAG_Eval_20260629_025832,v1.0,"{'app_name': 'RAG_Eval_20260629_025832', 'app_version': 'v1.0', 'app_id': 'app_hash_758040c9434e1a6e6f6f6e5586aebea4'}",SPAN,f432b981-548d-462e-8822-9b63aecfde22,,What is an alphabet in automata theory?,"In automata theory, an alphabet (denoted by Σ) is a finite set of symbols, also known as characters or letters, from which strings are formed. It is the basic building block of strings in automata theory.",,"{'record_id': 'f432b981-548d-462e-8822-9b63aecfde22', 'app_id': 'app_hash_758040c9434e1a6e6f6f6e5586aebea4', 'input': 'What is an alphabet in automata theory?', 'output': 'In automata theory, an alphabet (denoted by Σ) is a finite set of symbols, also known as characters or letters, from which strings are formed. It is the basic building block of strings in automata theory.', 'tags': '', 'ts': datetime.datetime(2026, 6, 29, 3, 0, 7, 650337), 'meta': {}}","{'n_tokens': 0, 'cost': 0.0}","{'start_time': datetime.datetime(2026, 6, 29, 3, 0, 7, 650337), 'end_time': datetime.datetime(2026, 6, 29, 3, 0, 12, 646450)}",2026-06-29 03:00:07.650337,4.996113,0,0.0,0.0,0.0,USD,9,0.8,"[{'span_type': 'eval', 'args': {'input': 'What is an alphabet in automata theory?', 'output': 'In automata theory, an alphabet (denoted by Σ) is a finite set of symbols, also known as characters or letters, from which strings are formed. It is the basic building block of strings in automata theory.'}, 'ret': 0.8, 'eval_root_id': '14136460409110167137', 'timestamp': datetime.datetime(2026, 6, 29, 3, 0, 7, 650337), 'meta': {'explanation': None, 'metadata': {}}}, {'span_type': 'eval_root', 'eval_root_id': '14136460409110167137', 'timestamp': datetime.datetime(2026, 6, 29, 3, 0, 7, 650337), 'args_span_id': {'input': '9690496150509909832', 'output': '9690496150509909832'}, 'args_span_attribute': {'input': 'ai.observability.record_root.input', 'output': 'ai.observability.record_root.output'}}]",0.0,True,0.8,"[{'span_type': 'eval', 'args': {'input': 'What is an alphabet in automata theory?', 'output': 'In automata theory, an alphabet (denoted by Σ) is a finite set of symbols, also known as characters or letters, from which strings are formed. It is the basic building block of strings in automata theory.'}, 'ret': 0.8, 'eval_root_id': '15553099145910544069', 'timestamp': datetime.datetime(2026, 6, 29, 3, 0, 7, 650337), 'meta': {'explanation': None, 'metadata': {}}}, {'span_type': 'eval_root', 'eval_root_id': '15553099145910544069', 'timestamp': datetime.datetime(2026, 6, 29, 3, 0, 7, 650337), 'args_span_id': {'input': '9690496150509909832', 'output': '9690496150509909832'}, 'args_span_attribute': {'input': 'ai.observability.record_root.input', 'output': 'ai.observability.record_root.output'}}]",0.0,True,1.0,"[{'span_type': 'eval', 'args': {'input': 'What is an alphabet in automata theory?', 'output': 'In automata theory, an alphabet (denoted by Σ) is a finite set of symbols, also known as characters or letters, from which strings are formed. It is the basic building block of strings in automata theory.'}, 'ret': 1.0, 'eval_root_id': '17432504801999423489', 'timestamp': datetime.datetime(2026, 6, 29, 3, 0, 7, 650337), 'meta': {'explanation': None, 'metadata': {}}}, {'span_type': 'eval_root', 'eval_root_id': '17432504801999423489', 'timestamp': datetime.datetime(2026, 6, 29, 3, 0, 7, 650337), 'args_span_id': {'input': '9690496150509909832', 'output': '9690496150509909832'}, 'args_span_attribute': {'input': 'ai.observability.record_root.input', 'output': 'ai.observability.record_root.output'}}]",0.0,True,0.95,"[{'span_type': 'eval', 'args': {'input': 'What is an alphabet in automata theory?', 'output': 'In automata theory, an alphabet (denoted by Σ) is a finite set of symbols, also known as characters or letters, from which strings are formed. It is the basic building block of strings in automata theory.'}, 'ret': 0.95, 'eval_root_id': '10910185942420882373', 'timestamp': datetime.datetime(2026, 6, 29, 3, 0, 7, 650337), 'meta': {'explanation': None, 'metadata': {}}}, {'span_type': 'eval_root', 'eval_root_id': '10910185942420882373', 'timestamp': datetime.datetime(2026, 6, 29, 3, 0, 7, 650337), 'args_span_id': {'input': '9690496150509909832', 'output': '9690496150509909832'}, 'args_span_attribute': {'input': 'ai.observability.record_root.input', 'output': 'ai.observability.record_root.output'}}]",0.0,True
app_hash_758040c9434e1a6e6f6f6e5586aebea4,RAG_Eval_20260629_025832,v1.0,"{'app_name': 'RAG_Eval_20260629_025832', 'app_version': 'v1.0', 'app_id': 'app_hash_758040c9434e1a6e6f6f6e5586aebea4'}",SPAN,29606d6c-a0da-4286-9d40-a80a8f0014fd,,What is the symbol used to denote the empty string?,The symbol used to denote the empty string is ǫ.,,"{'record_id': '29606d6c-a0da-4286-9d40-a80a8f0014fd', 'app_id': 'app_hash_758040c9434e1a6e6f6f6e5586aebea4', 'input': 'What is the symbol used to denote the empty string?', 'output': 'The symbol used to denote the empty string is ǫ.', 'tags': '', 'ts': datetime.datetime(2026, 6, 29, 3, 0, 12, 647123), 'meta': {}}","{'n_tokens': 0, 'cost': 0.0}","{'start_time': datetime.datetime(2026, 6, 29, 3, 0, 12, 647123), 'end_time': datetime.datetime(2026, 6, 29, 3, 0, 14, 225851)}",2026-06-29 03:00:12.647123,1.578728,0,0.0,0.0,0.0,USD,9,0.8,"[{'span_type': 'eval', 'args': {'input': 'What is the symbol used to denote the empty string?', 'output': 'The symbol used to denote the empty string is ǫ.'}, 'ret': 0.8, 'eval_root_id': '8549070754244348632', 'timestamp': datetime.datetime(2026, 6, 29, 3, 0, 12, 647123), 'meta': {'explanation': None, 'metadata': {}}}, {'span_type': 'eval_root', 'eval_root_id': '8549070754244348632', 'timestamp': datetime.datetime(2026, 6, 29, 3, 0, 12, 647123), 'args_span_id': {'input': '4379901779380857611', 'output': '4379901779380857611'}, 'args_span_attribute': {'input': 'ai.observability.record_root.input', 'output': 'ai.observability.record_root.output'}}]",0.0,True,0.8,"[{'span_type': 'eval', 'args': {'input': 'What is the symbol used to denote the empty string?', 'output': 'The symbol used to denote the empty string is ǫ.'}, 'ret': 0.8, 'eval_root_id': '7362841808410660065', 'timestamp': datetime.datetime(2026, 6, 29, 3, 0, 12, 647123), 'meta': {'explanation': None, 'metadata': {}}}, {'span_type': 'eval_root', 'eval_root_id': '7362841808410660065', 'timestamp': datetime.datetime(2026, 6, 29, 3, 0, 12, 647123), 'args_span_id': {'input': '4379901779380857611', 'output': '4379901779380857611'}, 'args_span_attribute': {'input': 'ai.observability.record_root.input', 'output': 'ai.observability.record_root.output'}}]",0.0,True,0.9,"[{'span_type': 'eval', 'args': {'input': 'What is the symbol used to denote the empty string?', 'output': 'The symbol used to denote the empty string is ǫ.'}, 'ret': 0.9, 'eval_root_id': '2524877406894437085', 'timestamp': datetime.datetime(2026, 6, 29, 3, 0, 12, 647123), 'meta': {'explanation': None, 'metadata': {}}}, {'span_type': 'eval_root', 'eval_root_id': '2524877406894437085', 'timestamp': datetime.datetime(2026, 6, 29, 3, 0, 12, 647123), 'args_span_id': {'input': '4379901779380857611', 'output': '4379901779380857611'}, 'args_span_attribute': {'input': 'ai.observability.record_root.input', 'output': 'ai.observability.record_root.output'}}]",0.0,True,0.8,"[{'span_type': 'eval', 'args': {'input': 'What is the symbol used to denote the empty string?', 'output': 'The symbol used to denote the empty string is ǫ.'}, 'ret': 0.8, 'eval_root_id': '18287271134605743543', 'timestamp': datetime.datetime(2026, 6, 29, 3, 0, 12, 647123), 'meta': {'explanation': None, 'metadata': {}}}, {'span_type': 'eval_root', 'eval_root_id': '18287271134605743543', 'timestamp': datetime.datetime(2026, 6, 29, 3, 0, 12, 647123), 'args_span_id': {'input': '4379901779380857611', 'output': '4379901779380857611'}, 'args_span_attribute': {'input': 'ai.observability.record_root.input', 'output': 'ai.observability.record_root.output'}}]",0.0,True
app_hash_758040c9434e1a6e6f6f6e5586aebea4,RAG_Eval_20260629_025832,v1.0,"{'app_name': 'RAG_Eval_20260629_025832', 'app_version': 'v1.0', 'app_id': 'app_hash_758040c9434e1a6e6f6f6e5586aebea4'}",SPAN,d7c4cdec-a861-452b-9072-421599860e84,,What is the Kleene star operator used for?,"The Kleene star operator (∗) is used to denote the closure of a language L. It represents the set of strings that can be formed by taking any number of strings from L, possibly with repetitions, and concatenating all of them. In other words, L∗ represents the set of all possible strings that can be formed by concatenating zero or more strings from L.",,"{'record_id': 'd7c4cdec-a861-452b-9072-421599860e84', 'app_id': 'app_hash_758040c9434e1a6e6f6f6e5586aebea4', 'input': 'What is the Kleene star operator used for?', 'output': 'The Kleene star operator (∗) is used to denote the closure of a language L. It represents the set of strings that can be formed by taking any number of strings from L, possibly with repetitions, and concatenating all of them. In other words, L∗ represents the set of all possible strings that can be formed by concatenating zero or more strings from L.', 'tags': '', 'ts': datetime.datetime(2026, 6, 29, 3, 0, 14, 226450), 'meta': {}}","{'n_tokens': 0, 'cost': 0.0}","{'start_time': datetime.datetime(2026, 6, 29, 3, 0, 14, 226450), 'end_time': datetime.datetime(2026, 6, 29, 3, 0, 15, 454727)}",2026-06-29 03:00:14.226450,1.228277,0,0.0,0.0,0.0,USD,9,0.9,"[{'span_type': 'eval', 'args': {'input': 'What is the Kleene star operator used for?', 'output': 'The Kleene star operator (∗) is used to denote the closure of a language L. It represents the set of strings that can be formed by taking any number of strings from L, possibly with repetitions, and concatenating all of them. In other words, L∗ represents the set of all possible strings that can be formed by concatenating zero or more strings from L.'}, 'ret': 0.9, 'eval_root_id': '17658189482885058119', 'timestamp': datetime.datetime(2026, 6, 29, 3, 0, 14, 226450), 'meta': {'explanation': None, 'metadata': {}}}, {'span_type': 'eval_root', 'eval_root_id': '17658189482885058119', 'timestamp': datetime.datetime(2026, 6, 29, 3, 0, 14, 226450), 'args_span_id': {'input': '7287368768281393505', 'output': '7287368768281393505'}, 'args_span_attribute': {'input': 'ai.observability.record_root.input', 'output': 'ai.observability.record_root.output'}}]",0.0,True,0.8,"[{'span_type': 'eval', 'args': {'input': 'What is the Kleene star operator used for?', 'output': 'The Kleene star operator (∗) is used to denote the closure of a language L. It represents the set of strings that can be formed by taking any number of strings from L, possibly with repetitions, and concatenating all of them. In other words, L∗ represents the set of all possible strings that can be formed by concatenating zero or more strings from L.'}, 'ret': 0.8, 'eval_root_id': '14077471517544029939', 'timestamp': datetime.datetime(2026, 6, 29, 3, 0, 14, 226450), 'meta': {'explanation': None, 'metadata': {}}}, {'span_type': 'eval_root', 'eval_root_id': '14077471517544029939', 'timestamp': datetime.datetime(2026, 6, 29, 3, 0, 14, 226450), 'args_span_id': {'input': '7287368768281393505', 'output': '7287368768281393505'}, 'args_span_attribute': {'input': 'ai.observability.record_root.input', 'output': 'ai.observability.record_root.output'}}]",0.0,True,0.9,"[{'span_type': 'eval', 'args': {'input': 'What is the Kleene star operator used for?', 'output': 'The Kleene star operator (∗) is used to denote the closure of a language L. It represents the set of strings that can be formed by taking any number of strings from L, possibly with repetitions, and concatenating all of them. In other words, L∗ represents the set of all possible strings that can be formed by concatenating zero or more strings from L.'}, 'ret': 0.9, 'eval_root_id': '6821783553526507653', 'timestamp': datetime.datetime(2026, 6, 29, 3, 0, 14, 226450), 'meta': {'explanation': None, 'metadata': {}}}, {'span_type': 'eval_root', 'eval_root_id': '6821783553526507653', 'timestamp': datetime.datetime(2026, 6, 29, 3, 0, 14, 226450), 'args_span_id': {'input': '7287368768281393505', 'output': '7287368768281393505'}, 'args_span_attribute': {'input': 'ai.observability.record_root.input', 'output': 'ai.observability.record_root.output'}}]",0.0,True,0.95,"[{'span_type': 'eval', 'args': {'input': 'What is the Kleene star operator used for?', 'output': 'The Kleene star operator (∗) is used to denote the closure of a language L. It represents the set of strings that can be formed by taking any number of strings from L, possibly with repetitions, and concatenating all of them. In other words, L∗ represents the set of all possible strings that can be formed by concatenating zero or more strings from L.'}, 'ret': 0.95, 'eval_root_id': '7519273890567385813', 'timestamp': datetime.datetime(2026, 6, 29, 3, 0, 14, 226450), 'meta': {'explanation': None, 'metadata': {}}}, {'span_type': 'eval_root', 'eval_root_id': '7519273890567385813', 'timestamp': datetime.datetime(2026, 6, 29, 3, 0, 14, 226450), 'args_span_id': {'input': '7287368768281393505', 'output': '7287368768281393505'}, 'args_span_attribute': {'input': 'ai.observability.record_root.input', 'output': 'ai.observability.record_root.output'}}]",0.0,True
app_hash_758040c9434e1a6e6f6f6e5586aebea4,RAG_Eval_20260629_025832,v1.0,"{'app_name': 'RAG_Eval_20260629_025832', 'app_version': 'v1.0', 'app_id': 'app_hash_758040c9434e1a6e6f6f6e5586aebea4'}",SPAN,a968a6bc-fcab-4209-b2be-000c4e161434,,What is a formal language?,"A formal language is a set of strings (possibly infinite) chosen from some alphabet Σ. It is denoted as L ⊆ Σ∗, where Σ is the alphabet and Σ∗ represents the set of all possible strings formed from the alphabet Σ.",,"{'record_id': 'a968a6bc-fcab-4209-b2be-000c4e161434', 'app_id': 'app_hash_758040c9434e1a6e6f6f6e5586aebea4', 'input': 'What is a formal language?', 'output': 'A formal language is a set of strings (possibly infinite) chosen from some alphabet Σ. It is denoted as L ⊆ Σ∗, where Σ is the alphabet and Σ∗ represents the set of all possible strings formed from the alphabet Σ.', 'tags': '', 'ts': datetime.datetime(2026, 6, 29, 3, 0, 15, 455397), 'meta': {}}","{'n_tokens': 0, 'cost': 0.0}","{'start_time': datetime.datetime(2026, 6, 29, 3, 0, 15, 455397), 'end_time': datetime.datetime(2026, 6, 29, 3, 0, 16, 581181)}",2026-06-29 03:00:15.455397,1.125784,0,0.0,0.0,0.0,USD,9,0.8,"[{'span_type': 'eval', 'args': {'input': 'What is a formal language?', 'output': 'A formal language is a set of strings (possibly infinite) chosen from some alphabet Σ. It is denoted as L ⊆ Σ∗, where Σ is the alphabet and Σ∗ represents the set of all possible strings formed from the alphabet Σ.'}, 'ret': 0.8, 'eval_root_id': '14851735193523773212', 'timestamp': datetime.datetime(2026, 6, 29, 3, 0, 15, 455397), 'meta': {'explanation': None, 'metadata': {}}}, {'span_type': 'eval_root', 'eval_root_id': '14851735193523773212', 'timestamp': datetime.datetime(2026, 6, 29, 3, 0, 15, 455397), 'args_span_id': {'input': '16980833228675435493', 'output': '16980833228675435493'}, 'args_span_attribute': {'input': 'ai.observability.record_root.input', 'output': 'ai.observability.record_root.output'}}]",0.0,True,0.8,"[{'span_type': 'eval', 'args': {'input': 'What is a formal language?', 'output': 'A formal language is a set of strings (possibly infinite) chosen from some alphabet Σ. It is denoted as L ⊆ Σ∗, where Σ is the alphabet and Σ∗ represents the set of all possible strings formed from the alphabet Σ.'}, 'ret': 0.8, 'eval_root_id': '1722422830958297132', 'timestamp': datetime.datetime(2026, 6, 29, 3, 0, 15, 455397), 'meta': {'explanation': None, 'metadata': {}}}, {'span_type': 'eval_root', 'eval_root_id': '1722422830958297132', 'timestamp': datetime.datetime(2026, 6, 29, 3, 0, 15, 455397), 'args_span_id': {'input': '16980833228675435493', 'output': '16980833228675435493'}, 'args_span_attribute': {'input': 'ai.observability.record_root.input', 'output': 'ai.observability.record_root.output'}}]",0.0,True,1.0,"[{'span_type': 'eval', 'args': {'input': 'What is a formal language?', 'output': 'A formal language is a set of strings (possibly infinite) chosen from some alphabet Σ. It is denoted as L ⊆ Σ∗, where Σ is the alphabet and Σ∗ represents the set of all possible strings formed from the alphabet Σ.'}, 'ret': 1.0, 'eval_root_id': '1832546457458620714', 'timestamp': datetime.datetime(2026, 6, 29, 3, 0, 15, 455397), 'meta': {'explanation': None, 'metadata': {}}}, {'span_type': 'eval_root', 'eval_root_id': '1832546457458620714', 'timestamp': datetime.datetime(2026, 6, 29, 3, 0, 15, 455397), 'args_span_id': {'input': '16980833228675435493', 'output': '16980833228675435493'}, 'args_span_attribute': {'input': 'ai.observability.record_root.input', 'output': 'ai.observability.record_root.output'}}]",0.0,True,0.9,"[{'span_type': 'eval', 'args': {'input': 'What is a formal language?', 'output': 'A formal language is a set of strings (possibly infinite) chosen from some alphabet Σ. It is denoted as L ⊆ Σ∗, where Σ is the alphabet and Σ∗ represents the set of all possible strings formed from the alphabet Σ.'}, 'ret': 0.9, 'eval_root_id': '9562140456917076465', 'timestamp': datetime.datetime(2026, 6, 29, 3, 0, 15, 455397), 'meta': {'explanation': None, 'metadata': {}}}, {'span_type': 'eval_root', 'eval_root_id': '9562140456917076465', 'timestamp': datetime.datetime(2026, 6, 29, 3, 0, 15, 455397), 'args_span_id': {'input': '16980833228675435493', 'output': '16980833228675435493'}, 'args_span_attribute': {'input': 'ai.observability.record_root.input', 'output': 'ai.observability.record_root.output'}}]",0.0,True
app_hash_758040c9434e1a6e6f6f6e5586aebea4,RAG_Eval_20260629_025832,v1.0,"{'app_name': 'RAG_Eval_20260629_025832', 'app_version': 'v1.0', 'app_id': 'app_hash_758040c9434e1a6e6f6f6e5586aebea4'}",SPAN,ae481875-adda-49c8-bbc5-2ea2df4d5753,,What is the difference between ∅ and {ε}?,"In the context of formal languages and automata theory, ∅ (the empty set) and {ε} are two distinct concepts.

∅ represents the empty set, which is a set with no elements. In the context of formal languages, ∅ denotes the language that contains no strings.

On the other hand, {ε} represents the language that contains only the empty string, denoted by ε. This is a set with one element, which is the empty string itself.

To illustrate the difference, consider the following:

- ∅ is the set of all strings of length 0, but it contains no strings.
- {ε} is the set of all strings of length 0, and it contains only the empty string ε.

In other words, ∅ is the ""absence"" of strings, while {ε} is the presence of a single string, namely the empty string.",,"{'record_id': 'ae481875-adda-49c8-bbc5-2ea2df4d5753', 'app_id': 'app_hash_758040c9434e1a6e6f6f6e5586aebea4', 'input': 'What is the difference between ∅ and {ε}?', 'output': 'In the context of formal languages and automata theory, ∅ (the empty set) and {ε} are two distinct concepts.\n\n∅ represents the empty set, which is a set with no elements. In the context of formal languages, ∅ denotes the language that contains no strings.\n\nOn the other hand, {ε} represents the language that contains only the empty string, denoted by ε. This is a set with one element, which is the empty string itself.\n\nTo illustrate the difference, consider the following:\n\n- ∅ is the set of all strings of length 0, but it contains no strings.\n- {ε} is the set of all strings of length 0, and it contains only the empty string ε.\n\nIn other words, ∅ is the ""absence"" of strings, while {ε} is the presence of a single string, namely the empty string.', 'tags': '', 'ts': datetime.datetime(2026, 6, 29, 3, 0, 16, 581752), 'meta': {}}","{'n_tokens': 0, 'cost': 0.0}","{'start_time': datetime.datetime(2026, 6, 29, 3, 0, 16, 581752), 'end_time': datetime.datetime(2026, 6, 29, 3, 0, 38, 700308)}",2026-06-29 03:00:16.581752,22.118556,0,0.0,0.0,0.0,USD,9,0.8,"[{'span_type': 'eval', 'args': {'input': 'What is the difference between ∅ and {ε}?', 'output': 'In the context of formal languages and automata theory, ∅ (the empty set) and {ε} are two distinct concepts.\n\n∅ represents the empty set, which is a set with no elements. In the context of formal languages, ∅ denotes the language that contains no strings.\n\nOn the other hand, {ε} represents the language that contains only the empty string, denoted by ε. This is a set with one element, which is the empty string itself.\n\nTo illustrate the difference, consider the following:\n\n- ∅ is the set of all strings of length 0, but it contains no strings.\n- {ε} is the set of all strings of length 0, and it contains only the empty string ε.\n\nIn other words, ∅ is the ""absence"" of strings, while {ε} is the presence of a single string, namely the empty string.'}, 'ret': 0.8, 'eval_root_id': '2445534387047989019', 'timestamp': datetime.datetime(2026, 6, 29, 3, 0, 16, 581752), 'meta': {'explanation': None, 'metadata': {}}}, {'span_type': 'eval_root', 'eval_root_id': '2445534387047989019', 'timestamp': datetime.datetime(2026, 6, 29, 3, 0, 16, 581752), 'args_span_id': {'input': '14284527791825301363', 'output': '14284527791825301363'}, 'args_span_attribute': {'input': 'ai.observability.record_root.input', 'output': 'ai.observability.record_root.output'}}]",0.0,True,0.8,"[{'span_type': 'eval', 'args': {'input': 'What is the difference between ∅ and {ε}?', 'output': 'In the context of formal languages and automata theory, ∅ (the empty set) and {ε} are two distinct concepts.\n\n∅ represents the empty set, which is a set with no elements. In the context of formal languages, ∅ denotes the language that contains no strings.\n\nOn the other hand, {ε} represents the language that contains only the empty string, denoted by ε. This is a set with one element, which is the empty string itself.\n\nTo illustrate the difference, consider the following:\n\n- ∅ is the set of all strings of length 0, but it contains no strings.\n- {ε} is the set of all strings of length 0, and it contains only the empty string ε.\n\nIn other words, ∅ is the ""absence"" of strings, while {ε} is the presence of a single string, namely the empty string.'}, 'ret': 0.8, 'eval_root_id': '1521299692232482981', 'timestamp': datetime.datetime(2026, 6, 29, 3, 0, 16, 581752), 'meta': {'explanation': None, 'metadata': {}}}, {'span_type': 'eval_root', 'eval_root_id': '1521299692232482981', 'timestamp': datetime.datetime(2026, 6, 29, 3, 0, 16, 581752), 'args_span_id': {'input': '14284527791825301363', 'output': '14284527791825301363'}, 'args_span_attribute': {'input': 'ai.observability.record_root.input', 'output': 'ai.observability.record_root.output'}}]",0.0,True,0.9,"[{'span_type': 'eval', 'args': {'input': 'What is the difference between ∅ and {ε}?', 'output': 'In the context of formal languages and automata theory, ∅ (the empty set) and {ε} are two distinct concepts.\n\n∅ represents the empty set, which is a set with no elements. In the context of formal languages, ∅ denotes the language that contains no strings.\n\nOn the other hand, {ε} represents the language that contains only the empty string, denoted by ε. This is a set with one element, which is the empty string itself.\n\nTo illustrate the difference, consider the following:\n\n- ∅ is the set of all strings of length 0, but it contains no strings.\n- {ε} is the set of all strings of length 0, and it contains only the empty string ε.\n\nIn other words, ∅ is the ""absence"" of strings, while {ε} is the presence of a single string, namely the empty string.'}, 'ret': 0.9, 'eval_root_id': '14050144426979190012', 'timestamp': datetime.datetime(2026, 6, 29, 3, 0, 16, 581752), 'meta': {'explanation': None, 'metadata': {}}}, {'span_type': 'eval_root', 'eval_root_id': '14050144426979190012', 'timestamp': datetime.datetime(2026, 6, 29, 3, 0, 16, 581752), 'args_span_id': {'input': '14284527791825301363', 'output': '14284527791825301363'}, 'args_span_attribute': {'input': 'ai.observability.record_root.input', 'output': 'ai.observability.record_root.output'}}]",0.0,True,0.8,"[{'span_type': 'eval', 'args': {'input': 'What is the difference between ∅ and {ε}?', 'output': 'In the context of formal languages and automata theory, ∅ (the empty set) and {ε} are two distinct concepts.\n\n∅ represents the empty set, which is a set with no elements. In the context of formal languages, ∅ denotes the language that contains no strings.\n\nOn the other hand, {ε} represents the language that contains only the empty string, denoted by ε. This is a set with one element, which is the empty string itself.\n\nTo illustrate the difference, consider the following:\n\n- ∅ is the set of all strings of length 0, but it contains no strings.\n- {ε} is the set of all strings of length 0, and it contains only the empty string ε.\n\nIn other words, ∅ is the ""absence"" of strings, while {ε} is the presence of a single string, namely the empty string.'}, 'ret': 0.8, 'eval_root_id': '4814459354642944234', 'timestamp': datetime.datetime(2026, 6, 29, 3, 0, 16, 581752), 'meta': {'explanation': None, 'metadata': {}}}, {'span_type': 'eval_root', 'eval_root_id': '4814459354642944234', 'timestamp': datetime.datetime(2026, 6, 29, 3, 0, 16, 581752), 'args_span_id': {'input': '14284527791825301363', 'output': '14284527791825301363'}, 'args_span_attribute': {'input': 'ai.observability.record_root.input', 'output': 'ai.observability.record_root.output'}}]",0.0,True
app_hash_758040c9434e1a6e6f6f6e5586aebea4,RAG_Eval_20260629_025832,v1.0,"{'app_name': 'RAG_Eval_20260629_025832', 'app_version': 'v1.0', 'app_id': 'app_hash_758040c9434e1a6e6f6f6e5586aebea4'}",SPAN,34d66477-9c19-41c6-b1da-f1ffba4c00fe,,"Given the regular expression [A-Z][a-z]* [ ][A-Z][A-Z], what pattern does it represent and what is its limitation?","The given regular expression is [A-Z][a-z]* [ ][A-Z][A-Z]. 

Breaking it down:

- [A-Z] matches any uppercase letter (A-Z).
- [a-z]* matches any sequence of lowercase letters (a-z) zero or more times.
- [ ] matches a space character.
- [A-Z] matches any uppercase letter (A-Z).
- [A-Z] matches any uppercase letter (A-Z).

This regular expression represents a pattern for a string that consists of:

1. An uppercase letter (A-Z).
2. Zero or more lowercase letters (a-z).
3. A space character.
4. Two uppercase letters (A-Z).

The limitation of this regular expression is that it does not account for multi-word city names such as ""Palo Alto CA"". This is because it requires a space character between the first word and the second word, and it also requires two uppercase letters for the second word, which would not match for a city name with more than two words.",,"{'record_id': '34d66477-9c19-41c6-b1da-f1ffba4c00fe', 'app_id': 'app_hash_758040c9434e1a6e6f6f6e5586aebea4', 'input': 'Given the regular expression [A-Z][a-z]* [ ][A-Z][A-Z], what pattern does it represent and what is its limitation?', 'output': 'The given regular expression is [A-Z][a-z]* [ ][A-Z][A-Z]. \n\nBreaking it down:\n\n- [A-Z] matches any uppercase letter (A-Z).\n- [a-z]* matches any sequence of lowercase letters (a-z) zero or more times.\n- [ ] matches a space character.\n- [A-Z] matches any uppercase letter (A-Z).\n- [A-Z] matches any uppercase letter (A-Z).\n\nThis regular expression represents a pattern for a string that consists of:\n\n1. An uppercase letter (A-Z).\n2. Zero or more lowercase letters (a-z).\n3. A space character.\n4. Two uppercase letters (A-Z).\n\nThe limitation of this regular expression is that it does not account for multi-word city names such as ""Palo Alto CA"". This is because it requires a space character between the first word and the second word, and it also requires two uppercase letters for the second word, which would not match for a city name with more than two words.', 'tags': '', 'ts': datetime.datetime(2026, 6, 29, 3, 0, 38, 701189), 'meta': {}}","{'n_tokens': 0, 'cost': 0.0}","{'start_time': datetime.datetime(2026, 6, 29, 3, 0, 38, 701189), 'end_time': datetime.datetime(2026, 6, 29, 3, 0, 55, 700612)}",2026-06-29 03:00:38.701189,16.999423,0,0.0,0.0,0.0,USD,9,0.8,"[{'span_type': 'eval', 'args': {'input': 'Given the regular expression [A-Z][a-z]* [ ][A-Z][A-Z], what pattern does it represent and what is its limitation?', 'output': 'The given regular expression is [A-Z][a-z]* [ ][A-Z][A-Z]. \n\nBreaking it down:\n\n- [A-Z] matches any uppercase letter (A-Z).\n- [a-z]* matches any sequence of lowercase letters (a-z) zero or more times.\n- [ ] matches a space character.\n- [A-Z] matches any uppercase letter (A-Z).\n- [A-Z] matches any uppercase letter (A-Z).\n\nThis regular expression represents a pattern for a string that consists of:\n\n1. An uppercase letter (A-Z).\n2. Zero or more lowercase letters (a-z).\n3. A space character.\n4. Two uppercase letters (A-Z).\n\nThe limitation of this regular expression is that it does not account for multi-word city names such as ""Palo Alto CA"". This is because it requires a space character between the first word and the second word, and it also requires two uppercase letters for the second word, which would not match for a city name with more than two words.'}, 'ret': 0.8, 'eval_root_id': '17570768110141971869', 'timestamp': datetime.datetime(2026, 6, 29, 3, 0, 38, 701189), 'meta': {'explanation': None, 'metadata': {}}}, {'span_type': 'eval_root', 'eval_root_id': '17570768110141971869', 'timestamp': datetime.datetime(2026, 6, 29, 3, 0, 38, 701189), 'args_span_id': {'input': '1907924511733272990', 'output': '1907924511733272990'}, 'args_span_attribute': {'input': 'ai.observability.record_root.input', 'output': 'ai.observability.record_root.output'}}]",0.0,True,0.8,"[{'span_type': 'eval', 'args': {'input': 'Given the regular expression [A-Z][a-z]* [ ][A-Z][A-Z], what pattern does it represent and what is its limitation?', 'output': 'The given regular expression is [A-Z][a-z]* [ ][A-Z][A-Z]. \n\nBreaking it down:\n\n- [A-Z] matches any uppercase letter (A-Z).\n- [a-z]* matches any sequence of lowercase letters (a-z) zero or more times.\n- [ ] matches a space character.\n- [A-Z] matches any uppercase letter (A-Z).\n- [A-Z] matches any uppercase letter (A-Z).\n\nThis regular expression represents a pattern for a string that consists of:\n\n1. An uppercase letter (A-Z).\n2. Zero or more lowercase letters (a-z).\n3. A space character.\n4. Two uppercase letters (A-Z).\n\nThe limitation of this regular expression is that it does not account for multi-word city names such as ""Palo Alto CA"". This is because it requires a space character between the first word and the second word, and it also requires two uppercase letters for the second word, which would not match for a city name with more than two words.'}, 'ret': 0.8, 'eval_root_id': '744921779746852533', 'timestamp': datetime.datetime(2026, 6, 29, 3, 0, 38, 701189), 'meta': {'explanation': None, 'metadata': {}}}, {'span_type': 'eval_root', 'eval_root_id': '744921779746852533', 'timestamp': datetime.datetime(2026, 6, 29, 3, 0, 38, 701189), 'args_span_id': {'input': '1907924511733272990', 'output': '1907924511733272990'}, 'args_span_attribute': {'input': 'ai.observability.record_root.input', 'output': 'ai.observability.record_root.output'}}]",0.0,True,0.8,"[{'span_type': 'eval', 'args': {'input': 'Given the regular expression [A-Z][a-z]* [ ][A-Z][A-Z], what pattern does it represent and what is its limitation?', 'output': 'The given regular expression is [A-Z][a-z]* [ ][A-Z][A-Z]. \n\nBreaking it down:\n\n- [A-Z] matches any uppercase letter (A-Z).\n- [a-z]* matches any sequence of lowercase letters (a-z) zero or more times.\n- [ ] matches a space character.\n- [A-Z] matches any uppercase letter (A-Z).\n- [A-Z] matches any uppercase letter (A-Z).\n\nThis regular expression represents a pattern for a string that consists of:\n\n1. An uppercase letter (A-Z).\n2. Zero or more lowercase letters (a-z).\n3. A space character.\n4. Two uppercase letters (A-Z).\n\nThe limitation of this regular expression is that it does not account for multi-word city names such as ""Palo Alto CA"". This is because it requires a space character between the first word and the second word, and it also requires two uppercase letters for the second word, which would not match for a city name with more than two words.'}, 'ret': 0.8, 'eval_root_id': '16646653071546804580', 'timestamp': datetime.datetime(2026, 6, 29, 3, 0, 38, 701189), 'meta': {'explanation': None, 'metadata': {}}}, {'span_type': 'eval_root', 'eval_root_id': '16646653071546804580', 'timestamp': datetime.datetime(2026, 6, 29, 3, 0, 38, 701189), 'args_span_id': {'input': '1907924511733272990', 'output': '1907924511733272990'}, 'args_span_attribute': {'input': 'ai.observability.record_root.input', 'output': 'ai.observability.record_root.output'}}]",0.0,True,0.5,"[{'span_type': 'eval', 'args': {'input': 'Given the regular expression [A-Z][a-z]* [ ][A-Z][A-Z], what pattern does it represent and what is its limitation?', 'output': 'The given regular expression is [A-Z][a-z]* [ ][A-Z][A-Z]. \n\nBreaking it down:\n\n- [A-Z] matches any uppercase letter (A-Z).\n- [a-z]* matches any sequence of lowercase letters (a-z) zero or more times.\n- [ ] matches a space character.\n- [A-Z] matches any uppercase letter (A-Z).\n- [A-Z] matches any uppercase letter (A-Z).\n\nThis regular expression represents a pattern for a string that consists of:\n\n1. An uppercase letter (A-Z).\n2. Zero or more lowercase letters (a-z).\n3. A space character.\n4. Two uppercase letters (A-Z).\n\nThe limitation of this regular expression is that it does not account for multi-word city names such as ""Palo Alto CA"". This is because it requires a space character between the first word and the second word, and it also requires two uppercase letters for the second word, which would not match for a city name with more than two words.'}, 'ret': 0.5, 'eval_root_id': '1072457601016484689', 'timestamp': datetime.datetime(2026, 6, 29, 3, 0, 38, 701189), 'meta': {'explanation': None, 'metadata': {}}}, {'span_type': 'eval_root', 'eval_root_id': '1072457601016484689', 'timestamp': datetime.datetime(2026, 6, 29, 3, 0, 38, 701189), 'args_span_id': {'input': '1907924511733272990', 'output': '1907924511733272990'}, 'args_span_attribute': {'input': 'ai.observability.record_root.input', 'output': 'ai.observability.record_root.output'}}]",0.0,True
app_hash_758040c9434e1a6e6f6f6e5586aebea4,RAG_Eval_20260629_025832,v1.0,"{'app_name': 'RAG_Eval_20260629_025832', 'app_version': 'v1.0', 'app_id': 'app_hash_758040c9434e1a6e6f6f6e5586aebea4'}",SPAN,5697b0f5-4220-45d3-8f47-fd29992cfa39,,List three software applications using automata.,"Based on the provided context, here are three software applications that use automata:

1. **Software for scanning large bodies of text**: This software uses finite automata to find occurrences of words, phrases, or other patterns in large collections of Web pages.
2. **Lexical analyzers of compilers**: These software components use finite automata to break input text into logical units, such as tokens or keywords.
3. **Software for designing and checking the behavior of digital circuits**: Finite automata are used as a model for designing and verifying digital circuits, which is a crucial aspect of digital circuit design and verification.

These software applications leverage the concepts of automata theory, such as finite automata, regular expressions, and formal grammars, to perform specific tasks efficiently and effectively.",,"{'record_id': '5697b0f5-4220-45d3-8f47-fd29992cfa39', 'app_id': 'app_hash_758040c9434e1a6e6f6f6e5586aebea4', 'input': 'List three software applications using automata.', 'output': 'Based on the provided context, here are three software applications that use automata:\n\n1. **Software for scanning large bodies of text**: This software uses finite automata to find occurrences of words, phrases, or other patterns in large collections of Web pages.\n2. **Lexical analyzers of compilers**: These software components use finite automata to break input text into logical units, such as tokens or keywords.\n3. **Software for designing and checking the behavior of digital circuits**: Finite automata are used as a model for designing and verifying digital circuits, which is a crucial aspect of digital circuit design and verification.\n\nThese software applications leverage the concepts of automata theory, such as finite automata, regular expressions, and formal grammars, to perform specific tasks efficiently and effectively.', 'tags': '', 'ts': datetime.datetime(2026, 6, 29, 3, 0, 55, 701243), 'meta': {}}","{'n_tokens': 0, 'cost': 0.0}","{'start_time': datetime.datetime(2026, 6, 29, 3, 0, 55, 701243), 'end_time': datetime.datetime(2026, 6, 29, 3, 1, 2, 49013)}",2026-06-29 03:00:55.701243,6.34777,0,0.0,0.0,0.0,USD,9,0.8,"[{'span_type': 'eval', 'args': {'input': 'List three software applications using automata.', 'output': 'Based on the provided context, here are three software applications that use automata:\n\n1. **Software for scanning large bodies of text**: This software uses finite automata to find occurrences of words, phrases, or other patterns in large collections of Web pages.\n2. **Lexical analyzers of compilers**: These software components use finite automata to break input text into logical units, such as tokens or keywords.\n3. **Software for designing and checking the behavior of digital circuits**: Finite automata are used as a model for designing and verifying digital circuits, which is a crucial aspect of digital circuit design and verification.\n\nThese software applications leverage the concepts of automata theory, such as finite automata, regular expressions, and formal grammars, to perform specific tasks efficiently and effectively.'}, 'ret': 0.8, 'eval_root_id': '4471804128822444649', 'timestamp': datetime.datetime(2026, 6, 29, 3, 0, 55, 701243), 'meta': {'explanation': None, 'metadata': {}}}, {'span_type': 'eval_root', 'eval_root_id': '4471804128822444649', 'timestamp': datetime.datetime(2026, 6, 29, 3, 0, 55, 701243), 'args_span_id': {'input': '15191692271631926357', 'output': '15191692271631926357'}, 'args_span_attribute': {'input': 'ai.observability.record_root.input', 'output': 'ai.observability.record_root.output'}}]",0.0,True,0.8,"[{'span_type': 'eval', 'args': {'input': 'List three software applications using automata.', 'output': 'Based on the provided context, here are three software applications that use automata:\n\n1. **Software for scanning large bodies of text**: This software uses finite automata to find occurrences of words, phrases, or other patterns in large collections of Web pages.\n2. **Lexical analyzers of compilers**: These software components use finite automata to break input text into logical units, such as tokens or keywords.\n3. **Software for designing and checking the behavior of digital circuits**: Finite automata are used as a model for designing and verifying digital circuits, which is a crucial aspect of digital circuit design and verification.\n\nThese software applications leverage the concepts of automata theory, such as finite automata, regular expressions, and formal grammars, to perform specific tasks efficiently and effectively.'}, 'ret': 0.8, 'eval_root_id': '13748768633164909711', 'timestamp': datetime.datetime(2026, 6, 29, 3, 0, 55, 701243), 'meta': {'explanation': None, 'metadata': {}}}, {'span_type': 'eval_root', 'eval_root_id': '13748768633164909711', 'timestamp': datetime.datetime(2026, 6, 29, 3, 0, 55, 701243), 'args_span_id': {'input': '15191692271631926357', 'output': '15191692271631926357'}, 'args_span_attribute': {'input': 'ai.observability.record_root.input', 'output': 'ai.observability.record_root.output'}}]",0.0,True,0.8,"[{'span_type': 'eval', 'args': {'input': 'List three software applications using automata.', 'output': 'Based on the provided context, here are three software applications that use automata:\n\n1. **Software for scanning large bodies of text**: This software uses finite automata to find occurrences of words, phrases, or other patterns in large collections of Web pages.\n2. **Lexical analyzers of compilers**: These software components use finite automata to break input text into logical units, such as tokens or keywords.\n3. **Software for designing and checking the behavior of digital circuits**: Finite automata are used as a model for designing and verifying digital circuits, which is a crucial aspect of digital circuit design and verification.\n\nThese software applications leverage the concepts of automata theory, such as finite automata, regular expressions, and formal grammars, to perform specific tasks efficiently and effectively.'}, 'ret': 0.8, 'eval_root_id': '10008725379984572093', 'timestamp': datetime.datetime(2026, 6, 29, 3, 0, 55, 701243), 'meta': {'explanation': None, 'metadata': {}}}, {'span_type': 'eval_root', 'eval_root_id': '10008725379984572093', 'timestamp': datetime.datetime(2026, 6, 29, 3, 0, 55, 701243), 'args_span_id': {'input': '15191692271631926357', 'output': '15191692271631926357'}, 'args_span_attribute': {'input': 'ai.observability.record_root.input', 'output': 'ai.observability.record_root.output'}}]",0.0,True,0.8,"[{'span_type': 'eval', 'args': {'input': 'List three software applications using automata.', 'output': 'Based on the provided context, here are three software applications that use automata:\n\n1. **Software for scanning large bodies of text**: This software uses finite automata to find occurrences of words, phrases, or other patterns in large collections of Web pages.\n2. **Lexical analyzers of compilers**: These software components use finite automata to break input text into logical units, such as tokens or keywords.\n3. **Software for designing and checking the behavior of digital circuits**: Finite automata are used as a model for designing and verifying digital circuits, which is a crucial aspect of digital circuit design and verification.\n\nThese software applications leverage the concepts of automata theory, such as finite automata, regular expressions, and formal grammars, to perform specific tasks efficiently and effectively.'}, 'ret': 0.8, 'eval_root_id': '426232873592670422', 'timestamp': datetime.datetime(2026, 6, 29, 3, 0, 55, 701243), 'meta': {'explanation': None, 'metadata': {}}}, {'span_type': 'eval_root', 'eval_root_id': '426232873592670422', 'timestamp': datetime.datetime(2026, 6, 29, 3, 0, 55, 701243), 'args_span_id': {'input': '15191692271631926357', 'output': '15191692271631926357'}, 'args_span_attribute': {'input': 'ai.observability.record_root.input', 'output': 'ai.observability.record_root.output'}}]",0.0,True
